<?xml version="1.0" encoding="UTF-8" standalone="yes"?>
<addon id="repository.GTKing-Leia" name="[COLOR steelblue][B]Repo[/B][/COLOR] [COLOR azure][B]GTKing[/B][/COLOR] [COLOR limegreen][B]LEIA[/B][/COLOR]" version="2.7.6" provider-name="GTKingTEAM">
    <extension point="xbmc.addon.repository" name="[COLOR steelblue][B]Repo[/B][/COLOR] [COLOR azure][B]GTKing[/B][/COLOR] [COLOR limegreen][B]LEIA[/B][/COLOR]">
        <info>https://raw.githubusercontent.com/gtkingbuild/Repo-GTKing/master/addons.xml</info>
              <checksum>https://raw.githubusercontent.com/gtkingbuild/Repo-GTKing/master/addons.xml.md5</checksum>
              <datadir zip="true">https://raw.githubusercontent.com/gtkingbuild/Repo-GTKing/master/</datadir>
   </extension>
    
    <extension point="xbmc.addon.metadata">
        <summary>[B]Repositorio de addons [COLOR dodgerblue]GTKING[/COLOR][/B] [COLOR limegreen][B]LEIA[/B][/COLOR].</summary>
        <description>[COLOR gold][B]Developers:[/B][/COLOR] [B]DavidZgZ, JoseaTEBA y GTKing TEAM[/B]</description>
        <disclaimer>Éste repositorio sólo recoge addons válidos para Kodi 18.x LEIA.</disclaimer>
        <platform>all</platform>
        <assets>
            <icon>icon.png</icon>
            <fanart>fanart.jpg</fanart>
        </assets>
		<source>https://github.com/gtkingbuild/Repo-GTKing/</source>
    </extension>
</addon>
