<?xml version="1.0" encoding="UTF-8" standalone="yes"?>
<addon id="repository.GTKing-Leia" name="[COLOR steelblue][B]Repo[/B][/COLOR] [COLOR azure][B]GTKing[/B][/COLOR] [COLOR limegreen][B]LEIA[/B][/COLOR]" version="2.7.6" provider-name="GTKingTEAM">
       <extension point="xbmc.addon.repository" name="[COLOR steelblue][B]Repo[/B][/COLOR] [COLOR azure][B]GTKing[/B][/COLOR] [COLOR limegreen][B]LEIA[/B][/COLOR]">
              <info>https://raw.githubusercontent.com/gtkingbuild/Repo-GTKingLeia/master/addons.xml</info>
              <checksum>https://raw.githubusercontent.com/gtkingbuild/Repo-GTKingLeia/master/addons.xml.md5</checksum>
              <datadir zip="true">https://github.com/gtkingbuild/Repo-GTKingLeia/blob/master/repository.GTKing-Leia/repository.GTKing-Leia-2.7.6.zip?raw=true</datadir>
       </extension>
       <extension point="xbmc.addon.metadata">
              <summary lang="en">Repo [COLOR dodgerblue]GTKING[/COLOR]</summary>
              <summary>[B]Repositorio de addons [COLOR dodgerblue]GTKING[/COLOR][/B] [COLOR limegreen][B]LEIA[/B][/COLOR].</summary>
        <description>[B]Repositorio de addons [COLOR dodgerblue]GTKING[/COLOR][/B] [COLOR limegreen][B]LEIA[/B][/COLOR].
[COLOR gold][B]Developers:[/B][/COLOR] [B]DavidZgZ, JoseaTEBA y GTKing TEAM[/B]</description>
              <disclaimer>Esta Repo recoge los addons que hay por la Red.</disclaimer>
              <platform>all</platform>
       </extension>
</addon>
