<?xml version="1.0" encoding="UTF-8" standalone="yes"?>
<addon id="plugin.program.gtking" name="GTKING [COLOR dodgerblue]WIZARD[/COLOR]" version="2.2.7" provider-name="Josa, DavidZgZ, Sugea, Mapache, Tete6776, Vicente, zalcos">
  <requires>
    <import addon="xbmc.python" version="2.1.0"/>
  </requires>
  <extension point="xbmc.python.pluginsource" library="default.py">
    <provides>executable</provides>
  </extension>
  <extension point="xbmc.service" library="startup.py" start="startup" />
  <extension point="xbmc.addon.metadata">
    <summary lang="en">GTKing [COLOR dodgerblue]WIZARD[/COLOR]</summary>
    <description lang="en">Build GTKing Prime para Kodi 18
- [COLOR dodgerblue]Testers:[/COLOR] [COLOR lime]Mapache,Tete6776,Vicente,zalcos,Malibu[/COLOR]

- [COLOR dodgerblue]Telegram:[/COLOR] [COLOR lime]t.me/beelinkking[/COLOR]</description>
<news>- Build [COLOR dodgerblue]GTKing[/COLOR] [COLOR lime]Prime[/COLOR]
Instalador actualizado a la versión 2.2.7
- Cambios de textos al instalar la Build
05/11/2020
 </news>
    <platform>all</platform>
  </extension>
</addon>