<?xml version="1.0" encoding="UTF-8" standalone="yes"?>
<addon id="repository.GTKing-Matrix" name="[COLOR steelblue][B]Repo[/B][/COLOR] [COLOR azure][B]GTKing[/B][/COLOR][COLOR limegreen][B]MATRIX[/B][/COLOR]" version="1.1" provider-name="[COLOR gold][b]gtkingbuild[/B][/COLOR]">
    <extension point="xbmc.addon.repository" name="[COLOR dodgerblue][B]Repo[/B][/COLOR] [COLOR azure][B]GTKing[/B][/COLOR] [COLOR limegreen]MATRIX[/COLOR]">
        <dir minversion="18.9.0">
            <info compressed="false">https://raw.githubusercontent.com/gtkingbuild/Repo-GTKing/master/matrix/zips/addons.xml</info>
            <checksum>https://raw.githubusercontent.com/gtkingbuild/Repo-GTKing/master/matrix/zips/addons.xml.md5</checksum>
            <datadir zip="true">https://raw.githubusercontent.com/gtkingbuild/Repo-GTKing/master/matrix/zips/</datadir>
        </dir>
        <dir minversion="18.9.0">
            <info>https://raw.githubusercontent.com/Palantiraddon/Repo/master/Palantir/addons.xml</info>
            <checksum>https://raw.githubusercontent.com/Palantiraddon/Repo/master/Palantir/addons.xml.md5</checksum>
            <datadir zip="true">https://raw.githubusercontent.com/Palantiraddon/repo/master/Palantir/</datadir>
        </dir>
    </extension>
    
    <extension point="xbmc.addon.metadata">
        <summary>[COLOR steelblue]Repo[/COLOR] [COLOR azure]GTKing [/COLOR][COLOR limegreen]MATRIX[/COLOR]</summary>
        <description>[B]Repositorio de addons [COLOR dodgerblue]GTKING[/COLOR].[/B]</description>
        <disclaimer>[B]Éste repositorio sólo recoge addons válidos para Kodi 19.x MATRIX.[/B]</disclaimer>
        <platform>all</platform>
        <assets>
            <icon>icon.png</icon>
            <fanart>fanart.jpg</fanart>
        </assets>
		<source>https://github.com/gtkingbuild/Repo-GTKing/</source>
    </extension>
</addon>
